stock_code,code,name,sector,industry,market,crawl_time,data_sources,current_price,volume,roe,eps,revenue_growth_annual,revenue_growth_monthly,pe_ratio,market_cap,dividend_yield,data_quality
1101.TW,1101,台泥,Basic Materials,Others,上市,2025-05-27T23:38:31.923787,"[{'source': 'TWSE_API', 'price': 29.35, 'volume': 54582542, 'success': True}]",128.0,54582542.0,17.88,6.3,-2.94,0.45,20.32,3317170230.0,1.9,Real + Estimated
1102.TW,1102,亞泥,Basic Materials,Others,上市,2025-05-27T23:38:38.265891,"[{'source': 'TWSE_API', 'price': 42.0, 'volume': 9037801, 'success': True}]",59.7,9037801.0,17.14,11.14,8.53,1.25,5.36,2593351617.0,2.02,Real + Estimated
1103.TW,1103,嘉泥,Basic Materials,Others,上市,2025-05-27T23:38:44.304924,"[{'source': 'TWSE_API', 'price': 15.35, 'volume': 596888, 'success': True}]",37.3,596888.0,14.5,4.98,11.04,2.4,7.49,841253286.0,1.81,Real + Estimated
1104.TW,1104,環泥,Basic Materials,Others,上市,2025-05-27T23:38:50.349496,"[{'source': 'TWSE_API', 'price': 30.85, 'volume': 731058, 'success': True}]",93.0,731058.0,11.35,11.23,3.14,1.58,8.28,2583528369.0,3.02,Real + Estimated
1108.TW,1108,幸福,Basic Materials,Others,上市,2025-05-27T23:38:56.394561,"[{'source': 'TWSE_API', 'price': 15.2, 'volume': 333761, 'success': True}]",128.8,333761.0,14.22,10.73,31.3,3.07,12.0,3705139445.0,4.3,Real + Estimated
1109.TW,1109,信大,Basic Materials,Others,上市,2025-05-27T23:39:02.435085,"[{'source': 'TWSE_API', 'price': 17.3, 'volume': 37186, 'success': True}]",104.6,37186.0,11.53,9.01,9.49,2.16,11.61,4274716591.0,4.85,Real + Estimated
1110.TW,1110,東泥,Basic Materials,Others,上市,2025-05-27T23:39:08.474917,"[{'source': 'TWSE_API', 'price': 20.5, 'volume': 234271, 'success': True}]",31.3,234271.0,13.2,13.82,23.4,1.56,2.26,606032836.0,0.65,Real + Estimated
1201.TW,1201,味全,Consumer Goods,Others,上市,2025-05-27T23:39:14.514961,"[{'source': 'TWSE_API', 'price': 16.55, 'volume': 388467, 'success': True}]",147.3,388467.0,16.69,9.88,23.9,1.05,14.91,5919029475.0,2.34,Real + Estimated
1203.TW,1203,味王,Consumer Goods,Others,上市,2025-05-27T23:39:20.555717,"[{'source': 'TWSE_API', 'price': 41.15, 'volume': 19084, 'success': True}]",134.3,19084.0,21.6,7.13,12.09,0.06,18.84,2552347521.0,0.85,Real + Estimated
1210.TW,1210,大成,Consumer Goods,Others,上市,2025-05-27T23:39:26.609741,"[{'source': 'TWSE_API', 'price': 65.6, 'volume': 5534805, 'success': True}]",79.0,5534805.0,18.16,14.02,32.9,4.45,5.63,661437077.0,3.22,Real + Estimated
1213.TW,1213,大飲,Consumer Goods,Others,上市,2025-05-27T23:40:32.652216,"[{'source': 'TWSE_API', 'price': 12.85, 'volume': 1781, 'success': True}]",80.8,1781.0,20.96,18.89,30.54,3.71,4.28,1535737239.0,1.91,Real + Estimated
1215.TW,1215,卜蜂,Consumer Goods,Others,上市,2025-05-27T23:40:38.701947,"[{'source': 'TWSE_API', 'price': 113.0, 'volume': 2077873, 'success': True}]",103.4,2077873.0,9.95,9.31,21.56,0.14,11.11,136333794.0,2.15,Real + Estimated
1216.TW,1216,統一,Consumer Goods,Others,上市,2025-05-27T23:40:44.767977,"[{'source': 'TWSE_API', 'price': 80.8, 'volume': 23464760, 'success': True}]",199.2,23464760.0,16.73,17.77,28.94,1.96,11.21,6877778960.0,5.96,Real + Estimated
1217.TW,1217,愛之味,Consumer Goods,Others,上市,2025-05-27T23:40:50.809287,"[{'source': 'TWSE_API', 'price': 11.1, 'volume': 576882, 'success': True}]",150.8,576882.0,15.33,8.83,13.55,1.35,17.08,3948842695.0,3.66,Real + Estimated
1218.TW,1218,泰山,Consumer Goods,Others,上市,2025-05-27T23:40:56.852830,"[{'source': 'TWSE_API', 'price': 21.9, 'volume': 1788868, 'success': True}]",148.4,1788868.0,17.81,6.73,22.33,1.19,22.05,3980435336.0,5.53,Real + Estimated
1219.TW,1219,福壽,Consumer Goods,Others,上市,2025-05-27T23:41:02.893930,"[{'source': 'TWSE_API', 'price': 15.95, 'volume': 526206, 'success': True}]",106.4,526206.0,18.02,19.84,-1.67,0.58,5.36,4269362050.0,0.41,Real + Estimated
1220.TW,1220,台榮,Consumer Goods,Others,上市,2025-05-27T23:41:08.936084,"[{'source': 'TWSE_API', 'price': 14.4, 'volume': 179638, 'success': True}]",58.6,179638.0,14.9,11.85,27.37,4.09,4.95,2151535281.0,5.43,Real + Estimated
1225.TW,1225,福懋油,Consumer Goods,Others,上市,2025-05-27T23:41:14.979216,"[{'source': 'TWSE_API', 'success': False}, {'source': 'Alternative_API', 'success': True, 'data': '\n\n\n\n\n\n\n\n\n\n\n\n\n\n\n\n\n\n\n\n\n{""msgArray"":[{""tv"":""-"",""s"":""-"",""c"":"""",""z"":""-""}],""referer"":"""",""userDelay"":5000,""'}]",130.7,,16.11,8.12,20.11,2.36,16.1,785683684.0,2.56,Real + Estimated
1229.TW,1229,聯華,Consumer Goods,Others,上市,2025-05-27T23:41:21.313093,"[{'source': 'TWSE_API', 'price': 45.0, 'volume': 1477356, 'success': True}]",81.4,1477356.0,13.75,5.61,15.22,2.38,14.51,126167893.0,2.14,Real + Estimated
1231.TW,1231,聯華食,Consumer Goods,Others,上市,2025-05-27T23:41:27.356352,"[{'source': 'TWSE_API', 'price': 137.0, 'volume': 203726, 'success': True}]",101.1,203726.0,21.63,13.23,9.45,1.55,7.64,1094077647.0,0.32,Real + Estimated
1232.TW,1232,大統益,Consumer Goods,Others,上市,2025-05-27T23:42:33.405157,"[{'source': 'TWSE_API', 'price': 161.5, 'volume': 81518, 'success': True}]",112.7,81518.0,15.62,6.96,30.37,4.29,16.19,2938870887.0,4.54,Real + Estimated
1233.TW,1233,天仁,Consumer Goods,Others,上市,2025-05-27T23:42:39.453698,"[{'source': 'TWSE_API', 'price': 32.6, 'volume': 14270, 'success': True}]",162.6,14270.0,17.19,18.72,28.09,3.13,8.69,8122864978.0,4.07,Real + Estimated
1234.TW,1234,黑松,Consumer Goods,Others,上市,2025-05-27T23:42:45.495251,"[{'source': 'TWSE_API', 'price': 41.3, 'volume': 149439, 'success': True}]",58.5,149439.0,16.71,9.88,24.77,3.18,5.92,801588704.0,1.66,Real + Estimated
1235.TW,1235,興泰,Consumer Goods,Others,上市,2025-05-27T23:42:51.537222,"[{'source': 'TWSE_API', 'price': 77.4, 'volume': 206514, 'success': True}]",191.9,206514.0,21.89,10.63,33.68,3.8,18.05,8062678391.0,1.45,Real + Estimated
1236.TW,1236,宏亞,Consumer Goods,Others,上市,2025-05-27T23:42:57.579175,"[{'source': 'TWSE_API', 'price': 22.25, 'volume': 14635, 'success': True}]",70.1,14635.0,14.81,16.1,29.3,1.31,4.35,2043233547.0,2.19,Real + Estimated
1262.TW,1262,綠悠遊,Consumer Goods,Others,上市,2025-05-27T23:43:03.615905,"[{'source': 'TWSE_API', 'success': False}, {'source': 'Alternative_API', 'success': True, 'data': '\n\n\n\n\n\n\n\n\n\n\n\n\n\n\n\n\n\n\n\n\n{""msgArray"":[{""tv"":""-"",""s"":""-"",""c"":"""",""z"":""-""}],""referer"":"""",""userDelay"":5000,""'}]",170.2,,17.0,7.0,-4.48,0.76,24.31,2166990996.0,0.83,Real + Estimated
1264.TW,1264,德麥,Consumer Goods,Others,上市,2025-05-27T23:43:10.008122,"[{'source': 'TWSE_API', 'success': False}, {'source': 'Alternative_API', 'success': True, 'data': '\n\n\n\n\n\n\n\n\n\n\n\n\n\n\n\n\n\n\n\n\n{""msgArray"":[{""tv"":""-"",""s"":""-"",""c"":"""",""z"":""-""}],""referer"":"""",""userDelay"":5000,""'}]",71.2,,11.3,11.6,24.36,0.72,6.14,2524304085.0,5.98,Real + Estimated
1301.TW,1301,台塑,Basic Materials,Others,上市,2025-05-27T23:43:16.057012,"[{'source': 'TWSE_API', 'price': 35.5, 'volume': 11697294, 'success': True}]",68.6,11697294.0,17.32,9.37,25.8,3.0,7.32,169819724.0,1.89,Real + Estimated
1303.TW,1303,南亞,Basic Materials,Others,上市,2025-05-27T23:43:22.098789,"[{'source': 'TWSE_API', 'price': 29.6, 'volume': 10402300, 'success': True}]",141.5,10402300.0,8.8,4.76,23.71,2.28,29.73,2034400617.0,5.05,Real + Estimated
1304.TW,1304,台聚,Basic Materials,Others,上市,2025-05-27T23:43:28.143053,"[{'source': 'TWSE_API', 'price': 10.0, 'volume': 1467361, 'success': True}]",134.9,1467361.0,8.12,9.91,3.06,-0.67,13.61,352180936.0,3.17,Real + Estimated
1305.TW,1305,華夏,Basic Materials,Others,上市,2025-05-27T23:44:34.189797,"[{'source': 'TWSE_API', 'price': 10.9, 'volume': 406349, 'success': True}]",68.1,406349.0,9.26,11.82,-3.42,-0.44,5.76,1429867942.0,1.29,Real + Estimated
1307.TW,1307,三芳,Basic Materials,Others,上市,2025-05-27T23:44:40.233376,"[{'source': 'TWSE_API', 'price': 39.4, 'volume': 1375213, 'success': True}]",146.3,1375213.0,13.84,3.12,29.46,1.83,46.89,3104556587.0,1.16,Real + Estimated
1308.TW,1308,亞聚,Basic Materials,Others,上市,2025-05-27T23:44:46.279357,"[{'source': 'TWSE_API', 'price': 12.1, 'volume': 654866, 'success': True}]",43.6,654866.0,16.94,2.82,-2.96,1.46,15.46,1087181810.0,3.56,Real + Estimated
1309.TW,1309,台達化,Basic Materials,Others,上市,2025-05-27T23:44:52.333939,"[{'source': 'TWSE_API', 'price': 11.9, 'volume': 450208, 'success': True}]",55.7,450208.0,11.76,2.64,8.99,1.99,21.1,183592771.0,1.84,Real + Estimated
1310.TW,1310,台苯,Basic Materials,Others,上市,2025-05-27T23:44:58.389494,"[{'source': 'TWSE_API', 'price': 8.89, 'volume': 486676, 'success': True}]",145.0,486676.0,7.79,8.38,27.62,2.01,17.3,3713710264.0,5.96,Real + Estimated
1312.TW,1312,國喬,Basic Materials,Others,上市,2025-05-27T23:45:04.427314,"[{'source': 'TWSE_API', 'price': 10.5, 'volume': 2262638, 'success': True}]",76.1,2262638.0,18.64,8.69,24.34,0.65,8.76,929715520.0,1.23,Real + Estimated
1313.TW,1313,聯成,Basic Materials,Others,上市,2025-05-27T23:45:10.504709,"[{'source': 'TWSE_API', 'price': 8.32, 'volume': 937636, 'success': True}]",149.0,937636.0,5.47,13.06,27.05,1.07,11.41,3713221706.0,1.67,Real + Estimated
1314.TW,1314,中石化,Basic Materials,Others,上市,2025-05-27T23:45:16.596926,"[{'source': 'TWSE_API', 'price': 7.04, 'volume': 10947466, 'success': True}]",104.3,10947466.0,18.26,12.8,-2.35,1.69,8.15,3081307505.0,2.62,Real + Estimated
1315.TW,1315,達新,Basic Materials,Others,上市,2025-05-27T23:45:22.645382,"[{'source': 'TWSE_API', 'price': 66.5, 'volume': 12220, 'success': True}]",44.4,12220.0,17.67,5.11,29.1,4.42,8.69,639829287.0,4.26,Real + Estimated
1316.TW,1316,上曜,Basic Materials,Others,上市,2025-05-27T23:45:28.683914,"[{'source': 'TWSE_API', 'price': 14.85, 'volume': 5936248, 'success': True}]",39.1,5936248.0,17.98,8.97,7.81,0.19,4.36,1250361087.0,3.57,Real + Estimated
1319.TW,1319,東陽,Basic Materials,Others,上市,2025-05-27T23:46:34.725567,"[{'source': 'TWSE_API', 'price': 132.5, 'volume': 1815469, 'success': True}]",101.1,1815469.0,6.02,8.29,7.82,2.58,12.2,2500876092.0,0.52,Real + Estimated
1321.TW,1321,大洋,Basic Materials,Others,上市,2025-05-27T23:46:40.771926,"[{'source': 'TWSE_API', 'price': 37.1, 'volume': 184230, 'success': True}]",48.9,184230.0,6.68,9.24,1.21,0.03,5.29,2062335648.0,2.09,Real + Estimated
1323.TW,1323,永裕,Basic Materials,Others,上市,2025-05-27T23:46:46.809694,"[{'source': 'TWSE_API', 'price': 20.7, 'volume': 16246, 'success': True}]",46.0,16246.0,9.41,8.15,18.21,1.35,5.64,792234636.0,1.18,Real + Estimated
1324.TW,1324,地球,Basic Materials,Others,上市,2025-05-27T23:46:52.857800,"[{'source': 'TWSE_API', 'price': 11.45, 'volume': 56478, 'success': True}]",148.8,56478.0,16.23,8.12,5.45,2.13,18.33,4955471864.0,0.45,Real + Estimated
1325.TW,1325,恆大,Basic Materials,Others,上市,2025-05-27T23:46:58.905361,"[{'source': 'TWSE_API', 'price': 32.85, 'volume': 1853541, 'success': True}]",125.2,1853541.0,11.41,2.69,8.28,1.1,46.54,1400413183.0,2.64,Real + Estimated
1326.TW,1326,台化,Basic Materials,Others,上市,2025-05-27T23:47:04.947458,"[{'source': 'TWSE_API', 'price': 24.3, 'volume': 10110421, 'success': True}]",127.1,10110421.0,7.82,12.15,-6.79,0.98,10.46,3830787284.0,5.12,Real + Estimated
1337.TW,1337,再生,Basic Materials,Others,上市,2025-05-27T23:47:10.995673,"[{'source': 'TWSE_API', 'price': 6.31, 'volume': 255061, 'success': True}]",54.1,255061.0,7.38,5.62,7.06,-0.13,9.63,1404858075.0,1.57,Real + Estimated
1338.TW,1338,廣華,Basic Materials,Others,上市,2025-05-27T23:47:17.036770,"[{'source': 'TWSE_API', 'price': 24.55, 'volume': 38029, 'success': True}]",99.1,38029.0,19.64,2.52,24.73,1.6,39.33,2031113543.0,1.72,Real + Estimated
1339.TW,1339,昭輝,Basic Materials,Others,上市,2025-05-27T23:47:23.075950,"[{'source': 'TWSE_API', 'price': 51.8, 'volume': 24197, 'success': True}]",57.5,24197.0,8.46,13.73,-1.69,-1.29,4.19,754054162.0,0.48,Real + Estimated
1340.TW,1340,勝悅,Basic Materials,Others,上市,2025-05-27T23:47:29.116629,"[{'source': 'TWSE_API', 'price': 7.21, 'volume': 110482, 'success': True}]",144.7,110482.0,16.68,3.57,17.54,0.76,40.53,5167067780.0,4.24,Real + Estimated
1341.TW,1341,富林,Basic Materials,Others,上市,2025-05-27T23:48:35.179642,"[{'source': 'TWSE_API', 'price': 66.9, 'volume': 3273, 'success': True}]",85.3,3273.0,18.26,13.13,-1.68,1.13,6.5,987906128.0,5.53,Real + Estimated
1434.TW,1434,福懋,Consumer Goods,Others,上市,2025-05-27T23:48:41.234600,"[{'source': 'TWSE_API', 'price': 16.7, 'volume': 1331772, 'success': True}]",93.4,1331772.0,14.65,4.58,0.83,0.17,20.39,939170475.0,2.96,Real + Estimated
1436.TW,1436,華友聯,Consumer Goods,Others,上市,2025-05-27T23:48:47.283602,"[{'source': 'TWSE_API', 'price': 120.5, 'volume': 318291, 'success': True}]",133.4,318291.0,8.24,15.65,16.81,0.38,8.52,5772553499.0,2.51,Real + Estimated
1437.TW,1437,勤益控,Consumer Goods,Others,上市,2025-05-27T23:48:53.333670,"[{'source': 'TWSE_API', 'price': 32.95, 'volume': 75068, 'success': True}]",110.8,75068.0,15.15,13.88,15.53,0.78,7.98,179377541.0,5.32,Real + Estimated
1438.TW,1438,裕豐,Consumer Goods,Others,上市,2025-05-27T23:48:59.380880,"[{'source': 'TWSE_API', 'price': 43.45, 'volume': 19566, 'success': True}]",115.8,19566.0,18.49,7.08,3.83,-1.36,16.36,901242390.0,3.26,Real + Estimated
1439.TW,1439,中和,Consumer Goods,Others,上市,2025-05-27T23:49:05.435840,"[{'source': 'TWSE_API', 'price': 31.25, 'volume': 14001, 'success': True}]",76.6,14001.0,20.98,2.66,3.49,0.06,28.8,3369527587.0,2.21,Real + Estimated
1440.TW,1440,南紡,Consumer Goods,Others,上市,2025-05-27T23:49:11.492490,"[{'source': 'TWSE_API', 'price': 14.35, 'volume': 7575495, 'success': True}]",133.4,7575495.0,8.54,12.58,2.94,0.1,10.6,897495857.0,0.2,Real + Estimated
1441.TW,1441,大東,Consumer Goods,Others,上市,2025-05-27T23:49:17.538338,"[{'source': 'TWSE_API', 'price': 13.3, 'volume': 7093, 'success': True}]",106.9,7093.0,8.17,2.45,11.26,0.7,43.63,5109086166.0,3.55,Real + Estimated
1442.TW,1442,名軒,Consumer Goods,Others,上市,2025-05-27T23:49:23.586539,"[{'source': 'TWSE_API', 'price': 70.1, 'volume': 567919, 'success': True}]",84.8,567919.0,20.69,8.49,34.57,1.56,9.99,2316689797.0,2.52,Real + Estimated
1443.TW,1443,立益,Consumer Goods,Others,上市,2025-05-27T23:49:29.644253,"[{'source': 'TWSE_API', 'price': 30.85, 'volume': 12043, 'success': True}]",139.1,12043.0,8.12,15.88,23.92,3.01,8.76,6918344726.0,0.89,Real + Estimated
1444.TW,1444,力麗,Consumer Goods,Others,上市,2025-05-27T23:50:35.705899,"[{'source': 'TWSE_API', 'price': 7.08, 'volume': 597712, 'success': True}]",71.8,597712.0,19.39,10.86,17.22,-0.47,6.61,772863582.0,1.19,Real + Estimated
1445.TW,1445,大宇,Consumer Goods,Others,上市,2025-05-27T23:50:41.762467,"[{'source': 'TWSE_API', 'price': 15.95, 'volume': 212810, 'success': True}]",110.3,212810.0,9.72,17.58,24.71,2.36,6.27,1318456535.0,3.57,Real + Estimated
1446.TW,1446,宏和,Consumer Goods,Others,上市,2025-05-27T23:50:47.819463,"[{'source': 'TWSE_API', 'price': 26.95, 'volume': 297944, 'success': True}]",26.4,297944.0,11.48,5.41,20.57,2.37,4.88,689830494.0,5.73,Real + Estimated
1447.TW,1447,力鵬,Consumer Goods,Others,上市,2025-05-27T23:50:53.877879,"[{'source': 'TWSE_API', 'price': 6.32, 'volume': 310703, 'success': True}]",106.1,310703.0,18.48,14.65,12.27,0.45,7.24,206935785.0,1.82,Real + Estimated
1449.TW,1449,佳和,Consumer Goods,Others,上市,2025-05-27T23:50:59.939069,"[{'source': 'TWSE_API', 'success': False}, {'source': 'Alternative_API', 'success': True, 'data': '\n\n\n\n\n\n\n\n\n\n\n\n\n\n\n\n\n\n\n\n\n{""msgArray"":[{""@"":""1449.tw"",""tv"":""60"",""ps"":""60"",""pid"":""9.tse.tw|10831"",""pz"":""13'}]",190.2,,13.21,12.03,0.35,-0.23,15.81,2145494921.0,5.96,Real + Estimated
1451.TW,1451,年興,Consumer Goods,Others,上市,2025-05-27T23:51:06.354407,"[{'source': 'TWSE_API', 'price': 19.75, 'volume': 123094, 'success': True}]",30.0,123094.0,15.12,16.64,-2.2,0.91,1.8,1471193786.0,2.5,Real + Estimated
1452.TW,1452,宏益,Consumer Goods,Others,上市,2025-05-27T23:51:12.412068,"[{'source': 'TWSE_API', 'price': 12.55, 'volume': 20438, 'success': True}]",85.0,20438.0,12.13,3.47,-3.21,1.66,24.5,2264271438.0,3.95,Real + Estimated
1453.TW,1453,大將,Consumer Goods,Others,上市,2025-05-27T23:51:18.467267,"[{'source': 'TWSE_API', 'price': 15.35, 'volume': 163776, 'success': True}]",145.9,163776.0,15.69,6.39,28.56,1.73,22.83,4684741267.0,2.47,Real + Estimated
1454.TW,1454,台富,Consumer Goods,Others,上市,2025-05-27T23:51:24.523053,"[{'source': 'TWSE_API', 'price': 16.15, 'volume': 51439, 'success': True}]",181.8,51439.0,9.25,12.26,26.71,3.22,14.83,7127523420.0,4.15,Real + Estimated
1455.TW,1455,集盛,Consumer Goods,Others,上市,2025-05-27T23:51:30.582047,"[{'source': 'TWSE_API', 'price': 9.57, 'volume': 176926, 'success': True}]",28.2,176926.0,9.63,17.46,17.77,3.47,1.62,647525651.0,2.37,Real + Estimated
1456.TW,1456,怡華,Consumer Goods,Others,上市,2025-05-27T23:52:36.643940,"[{'source': 'TWSE_API', 'price': 13.8, 'volume': 84065, 'success': True}]",28.6,84065.0,13.52,13.99,31.04,2.5,2.04,704978466.0,2.02,Real + Estimated
1457.TW,1457,宜進,Consumer Goods,Others,上市,2025-05-27T23:52:42.698813,"[{'source': 'TWSE_API', 'price': 17.95, 'volume': 188868, 'success': True}]",155.2,188868.0,14.18,9.63,5.96,-0.41,16.12,7516246265.0,2.5,Real + Estimated
1459.TW,1459,聯發,Consumer Goods,Others,上市,2025-05-27T23:52:48.753000,"[{'source': 'TWSE_API', 'price': 11.8, 'volume': 116089, 'success': True}]",162.7,116089.0,19.37,16.84,5.27,-0.86,9.66,2214843019.0,1.8,Real + Estimated
1460.TW,1460,宏遠,Consumer Goods,Others,上市,2025-05-27T23:52:54.813122,"[{'source': 'TWSE_API', 'price': 7.14, 'volume': 1254588, 'success': True}]",123.9,1254588.0,10.95,9.78,1.82,1.99,12.67,3194262002.0,2.6,Real + Estimated
1463.TW,1463,強盛,Consumer Goods,Others,上市,2025-05-27T23:53:00.862477,"[{'source': 'TWSE_API', 'price': 22.55, 'volume': 807141, 'success': True}]",29.3,807141.0,10.19,5.32,23.81,0.1,5.51,771995106.0,1.91,Real + Estimated
1464.TW,1464,得力,Consumer Goods,Others,上市,2025-05-27T23:53:06.920363,"[{'source': 'TWSE_API', 'price': 13.75, 'volume': 631748, 'success': True}]",145.7,631748.0,18.17,11.29,22.07,3.53,12.91,1875301581.0,0.62,Real + Estimated
1465.TW,1465,偉全,Consumer Goods,Others,上市,2025-05-27T23:53:12.970413,"[{'source': 'TWSE_API', 'price': 13.5, 'volume': 20025, 'success': True}]",35.5,20025.0,10.73,9.63,-9.34,0.48,3.69,1249251635.0,1.9,Real + Estimated
1466.TW,1466,聚隆,Consumer Goods,Others,上市,2025-05-27T23:53:19.014705,"[{'source': 'TWSE_API', 'price': 17.85, 'volume': 632625, 'success': True}]",94.0,632625.0,9.63,15.11,-8.92,0.01,6.22,1131928576.0,1.82,Real + Estimated
1467.TW,1467,南緯,Consumer Goods,Others,上市,2025-05-27T23:53:25.068858,"[{'source': 'TWSE_API', 'price': 8.6, 'volume': 128758, 'success': True}]",43.5,128758.0,12.77,15.51,20.6,3.13,2.8,837147427.0,4.76,Real + Estimated
1468.TW,1468,昶和,Consumer Goods,Others,上市,2025-05-27T23:53:31.114408,"[{'source': 'TWSE_API', 'price': 14.1, 'volume': 36421, 'success': True}]",30.2,36421.0,14.03,11.78,25.15,3.39,2.56,1003903174.0,4.71,Real + Estimated
1469.TW,1469,聯聚,Consumer Goods,Others,上市,2025-05-27T23:54:37.170879,"[{'source': 'TWSE_API', 'success': False}, {'source': 'Alternative_API', 'success': True, 'data': '\n\n\n\n\n\n\n\n\n\n\n\n\n\n\n\n\n\n\n\n\n{""msgArray"":[{""tv"":""-"",""s"":""-"",""c"":"""",""z"":""-""}],""referer"":"""",""userDelay"":5000,""'}]",66.4,,17.96,18.04,6.06,2.4,3.68,966085954.0,4.27,Real + Estimated
1470.TW,1470,大統新創,Consumer Goods,Others,上市,2025-05-27T23:54:43.606188,"[{'source': 'TWSE_API', 'price': 25.5, 'volume': 10358, 'success': True}]",197.5,10358.0,21.43,18.1,34.81,3.57,10.91,8611756844.0,4.99,Real + Estimated
1471.TW,1471,首利,Consumer Goods,Others,上市,2025-05-27T23:54:49.659923,"[{'source': 'TWSE_API', 'price': 11.1, 'volume': 257343, 'success': True}]",116.4,257343.0,13.29,9.24,-6.95,-1.55,12.6,1481017433.0,3.88,Real + Estimated
1472.TW,1472,三洋紡,Consumer Goods,Others,上市,2025-05-27T23:54:55.707866,"[{'source': 'TWSE_API', 'price': 101.0, 'volume': 69609, 'success': True}]",179.7,69609.0,11.14,12.59,-2.21,1.37,14.27,3586095454.0,4.47,Real + Estimated
1473.TW,1473,台南,Consumer Goods,Others,上市,2025-05-27T23:55:01.757695,"[{'source': 'TWSE_API', 'price': 30.0, 'volume': 200410, 'success': True}]",171.4,200410.0,10.87,12.42,8.23,0.93,13.8,2167804928.0,2.2,Real + Estimated
1474.TW,1474,弘裕,Consumer Goods,Others,上市,2025-05-27T23:55:07.808780,"[{'source': 'TWSE_API', 'price': 13.35, 'volume': 99573, 'success': True}]",186.6,99573.0,12.93,17.48,25.88,0.61,10.68,4935583038.0,0.18,Real + Estimated
1475.TW,1475,本盟,Consumer Goods,Others,上市,2025-05-27T23:55:13.858753,"[{'source': 'TWSE_API', 'price': 45.15, 'volume': 61161, 'success': True}]",66.9,61161.0,10.44,2.04,25.61,0.92,32.79,1658527025.0,2.37,Real + Estimated
1476.TW,1476,儒鴻,Consumer Goods,Others,上市,2025-05-27T23:55:19.906203,"[{'source': 'TWSE_API', 'price': 410.5, 'volume': 612798, 'success': True}]",114.6,612798.0,9.27,12.06,6.68,2.06,9.5,3703117808.0,3.75,Real + Estimated
1477.TW,1477,聚陽,Consumer Goods,Others,上市,2025-05-27T23:55:25.961391,"[{'source': 'TWSE_API', 'price': 266.0, 'volume': 1224458, 'success': True}]",81.2,1224458.0,14.9,15.53,30.27,2.14,5.23,2621698751.0,1.02,Real + Estimated
1503.TW,1503,士電,Industrials,Others,上市,2025-05-27T23:55:32.010608,"[{'source': 'TWSE_API', 'price': 183.0, 'volume': 9445502, 'success': True}]",96.2,9445502.0,19.55,13.88,26.36,0.74,6.93,3617079512.0,3.05,Real + Estimated
1504.TW,1504,東元,Industrials,Others,上市,2025-05-27T23:56:38.079557,"[{'source': 'TWSE_API', 'price': 52.2, 'volume': 2647779, 'success': True}]",237.0,2647779.0,17.74,10.56,-3.51,0.34,22.44,9077262612.0,2.21,Real + Estimated
1506.TW,1506,正道,Industrials,Others,上市,2025-05-27T23:56:44.133174,"[{'source': 'TWSE_API', 'price': 12.0, 'volume': 123803, 'success': True}]",183.1,123803.0,8.62,17.78,1.14,2.08,10.3,5427435983.0,4.22,Real + Estimated
1507.TW,1507,永大,Industrials,Others,上市,2025-05-27T23:56:50.199175,"[{'source': 'TWSE_API', 'success': False}, {'source': 'Alternative_API', 'success': True, 'data': '\n\n\n\n\n\n\n\n\n\n\n\n\n\n\n\n\n\n\n\n\n{""msgArray"":[{""tv"":""-"",""s"":""-"",""c"":"""",""z"":""-""}],""referer"":"""",""userDelay"":5000,""'}]",49.8,,18.08,15.18,16.87,1.38,3.28,2164934714.0,5.43,Real + Estimated
1512.TW,1512,瑞利,Industrials,Others,上市,2025-05-27T23:56:56.639219,"[{'source': 'TWSE_API', 'price': 8.62, 'volume': 102614, 'success': True}]",44.5,102614.0,19.01,6.81,24.89,1.84,6.53,679243316.0,5.03,Real + Estimated
1513.TW,1513,中興電,Industrials,Others,上市,2025-05-27T23:57:03.095675,"[{'source': 'TWSE_API', 'price': 151.0, 'volume': 7742526, 'success': True}]",43.1,7742526.0,10.11,7.83,22.3,3.54,5.5,682092318.0,4.72,Real + Estimated
1514.TW,1514,亞力,Industrials,Others,上市,2025-05-27T23:57:09.145181,"[{'source': 'TWSE_API', 'price': 108.0, 'volume': 4175858, 'success': True}]",235.3,4175858.0,7.05,3.36,7.07,-1.11,70.03,3913338920.0,1.69,Real + Estimated
1515.TW,1515,力山,Industrials,Others,上市,2025-05-27T23:57:15.194485,"[{'source': 'TWSE_API', 'price': 30.95, 'volume': 422816, 'success': True}]",243.2,422816.0,15.7,14.01,13.1,1.24,17.36,1129956573.0,0.99,Real + Estimated
1516.TW,1516,川飛,Industrials,Others,上市,2025-05-27T23:57:21.249529,"[{'source': 'TWSE_API', 'price': 22.0, 'volume': 881299, 'success': True}]",186.5,881299.0,17.41,17.16,23.71,3.46,10.87,2858918489.0,3.0,Real + Estimated
1517.TW,1517,利奇,Industrials,Others,上市,2025-05-27T23:57:27.298452,"[{'source': 'TWSE_API', 'price': 11.35, 'volume': 61648, 'success': True}]",32.0,61648.0,18.32,16.66,17.47,1.52,1.92,103248324.0,0.11,Real + Estimated
1519.TW,1519,華城,Industrials,Others,上市,2025-05-27T23:57:33.356106,"[{'source': 'TWSE_API', 'price': 475.0, 'volume': 4770847, 'success': True}]",68.6,4770847.0,17.7,11.46,8.65,1.66,5.99,944922300.0,1.42,Real + Estimated
1521.TW,1521,大億,Industrials,Others,上市,2025-05-27T23:58:39.427693,"[{'source': 'TWSE_API', 'price': 28.15, 'volume': 14396, 'success': True}]",135.8,14396.0,10.3,13.25,-7.38,-1.77,10.25,1481794156.0,0.19,Real + Estimated
1522.TW,1522,堤維西,Industrials,Others,上市,2025-05-27T23:58:45.469085,"[{'source': 'TWSE_API', 'price': 46.75, 'volume': 571127, 'success': True}]",159.0,571127.0,12.83,14.12,29.82,2.82,11.26,6432918927.0,0.09,Real + Estimated
1524.TW,1524,耿鼎,Industrials,Others,上市,2025-05-27T23:58:51.516540,"[{'source': 'TWSE_API', 'price': 31.65, 'volume': 1386295, 'success': True}]",237.2,1386295.0,11.47,3.87,-8.26,-0.55,61.29,5259035584.0,4.14,Real + Estimated
1525.TW,1525,江申,Industrials,Others,上市,2025-05-27T23:58:57.567115,"[{'source': 'TWSE_API', 'price': 65.6, 'volume': 53641, 'success': True}]",200.9,53641.0,14.2,9.78,27.08,1.98,20.54,5046713370.0,1.91,Real + Estimated
1526.TW,1526,日馳,Industrials,Others,上市,2025-05-27T23:59:03.665599,"[{'source': 'TWSE_API', 'price': 22.25, 'volume': 18373, 'success': True}]",203.3,18373.0,12.41,13.05,22.9,3.54,15.58,9941057597.0,5.21,Real + Estimated
1527.TW,1527,鑽全,Industrials,Others,上市,2025-05-27T23:59:09.735915,"[{'source': 'TWSE_API', 'price': 38.8, 'volume': 172821, 'success': True}]",106.6,172821.0,16.71,12.41,5.74,-1.27,8.59,1066828756.0,5.89,Real + Estimated
1528.TW,1528,恩德,Industrials,Others,上市,2025-05-27T23:59:15.792695,"[{'source': 'TWSE_API', 'price': 13.65, 'volume': 1148494, 'success': True}]",241.7,1148494.0,11.86,9.16,7.61,0.53,26.39,8128342807.0,1.18,Real + Estimated
1529.TW,1529,樂士,Industrials,Others,上市,2025-05-27T23:59:21.840809,"[{'source': 'TWSE_API', 'price': 28.65, 'volume': 3081645, 'success': True}]",72.1,3081645.0,8.34,7.35,-7.0,-0.37,9.81,1063238707.0,4.36,Real + Estimated
1530.TW,1530,亞崴,Industrials,Others,上市,2025-05-27T23:59:27.891116,"[{'source': 'TWSE_API', 'price': 31.75, 'volume': 146883, 'success': True}]",86.5,146883.0,6.15,9.79,8.84,-0.13,8.84,818900561.0,5.61,Real + Estimated
1531.TW,1531,高林股,Industrials,Others,上市,2025-05-27T23:59:33.951841,"[{'source': 'TWSE_API', 'price': 12.95, 'volume': 131077, 'success': True}]",133.8,131077.0,17.44,9.08,9.23,2.61,14.74,5192944588.0,3.96,Real + Estimated
1532.TW,1532,勤美,Industrials,Others,上市,2025-05-28T00:00:40.010979,"[{'source': 'TWSE_API', 'price': 26.45, 'volume': 893072, 'success': True}]",217.4,893072.0,12.66,12.81,23.87,3.42,16.97,3015621834.0,1.74,Real + Estimated
1533.TW,1533,車王電,Industrials,Others,上市,2025-05-28T00:00:46.062461,"[{'source': 'TWSE_API', 'price': 29.05, 'volume': 49436, 'success': True}]",222.2,49436.0,9.76,13.78,22.49,2.94,16.12,1913639007.0,2.49,Real + Estimated
1535.TW,1535,中宇,Industrials,Others,上市,2025-05-28T00:00:52.115157,"[{'source': 'TWSE_API', 'price': 57.0, 'volume': 30244, 'success': True}]",230.2,30244.0,18.08,8.9,10.74,2.18,25.87,11178651216.0,1.92,Real + Estimated
1536.TW,1536,和大,Industrials,Others,上市,2025-05-28T00:00:58.164206,"[{'source': 'TWSE_API', 'price': 60.2, 'volume': 2527944, 'success': True}]",229.0,2527944.0,18.08,9.95,-0.51,-0.78,23.02,2845804265.0,0.72,Real + Estimated
1537.TW,1537,廣隆,Industrials,Others,上市,2025-05-28T00:01:04.213072,"[{'source': 'TWSE_API', 'price': 144.0, 'volume': 63636, 'success': True}]",243.0,63636.0,9.98,5.97,-7.74,0.08,40.7,2747654998.0,5.55,Real + Estimated
1538.TW,1538,正峰新,Industrials,Others,上市,2025-05-28T00:01:10.268286,"[{'source': 'TWSE_API', 'price': 28.7, 'volume': 8077, 'success': True}]",36.4,8077.0,17.03,16.98,20.32,2.72,2.14,1004512347.0,1.13,Real + Estimated
1539.TW,1539,巨庭,Industrials,Others,上市,2025-05-28T00:01:16.311557,"[{'source': 'TWSE_API', 'price': 19.15, 'volume': 26181, 'success': True}]",202.7,26181.0,6.91,4.38,15.31,0.61,46.28,8868480297.0,2.54,Real + Estimated
1540.TW,1540,喬友,Industrials,Others,上市,2025-05-28T00:01:22.357096,"[{'source': 'TWSE_API', 'price': 30.75, 'volume': 458788, 'success': True}]",216.5,458788.0,10.05,7.05,-7.73,0.52,30.71,9415191363.0,1.63,Real + Estimated
1541.TW,1541,錩泰,Industrials,Others,上市,2025-05-28T00:01:28.401982,"[{'source': 'TWSE_API', 'price': 27.35, 'volume': 7331, 'success': True}]",78.6,7331.0,9.38,11.27,13.83,1.84,6.97,2594893072.0,1.35,Real + Estimated
1558.TW,1558,伸興,Industrials,Others,上市,2025-05-28T00:01:34.459171,"[{'source': 'TWSE_API', 'price': 97.0, 'volume': 65094, 'success': True}]",58.1,65094.0,17.95,8.68,32.81,0.86,6.69,2555169818.0,5.27,Real + Estimated
1560.TW,1560,中砂,Industrials,Others,上市,2025-05-28T00:02:40.523140,"[{'source': 'TWSE_API', 'price': 280.5, 'volume': 1227743, 'success': True}]",175.9,1227743.0,19.45,4.78,10.69,0.93,36.8,949849941.0,4.7,Real + Estimated
1568.TW,1568,倉佑,Industrials,Others,上市,2025-05-28T00:02:46.573748,"[{'source': 'TWSE_API', 'price': 25.5, 'volume': 225168, 'success': True}]",144.9,225168.0,9.48,16.69,27.08,1.35,8.68,5841550630.0,4.31,Real + Estimated
1582.TW,1582,信錦,Industrials,Others,上市,2025-05-28T00:02:52.628619,"[{'source': 'TWSE_API', 'price': 77.3, 'volume': 419037, 'success': True}]",51.3,419037.0,6.02,5.43,5.29,1.65,9.45,66902101.0,4.72,Real + Estimated
1583.TW,1583,程泰,Industrials,Others,上市,2025-05-28T00:02:58.689026,"[{'source': 'TWSE_API', 'price': 59.1, 'volume': 26073, 'success': True}]",128.3,26073.0,18.81,12.45,3.32,0.95,10.31,5442391882.0,3.78,Real + Estimated
1587.TW,1587,吉茂,Industrials,Others,上市,2025-05-28T00:03:04.740336,"[{'source': 'TWSE_API', 'price': 30.05, 'volume': 109788, 'success': True}]",229.9,109788.0,19.83,12.34,0.52,1.29,18.63,338724841.0,0.67,Real + Estimated
1589.TW,1589,永冠,Industrials,Others,上市,2025-05-28T00:03:10.789265,"[{'source': 'TWSE_API', 'price': 27.3, 'volume': 110036, 'success': True}]",239.5,110036.0,14.7,8.49,20.43,2.25,28.21,8755414124.0,1.79,Real + Estimated
1590.TW,1590,亞德客,Industrials,Others,上市,2025-05-28T00:03:16.835308,"[{'source': 'TWSE_API', 'price': 898.0, 'volume': 774388, 'success': True}]",32.9,774388.0,14.55,12.88,1.69,-1.49,2.55,558641976.0,1.55,Real + Estimated
1592.TW,1592,英瑞,Industrials,Others,上市,2025-05-28T00:03:22.881517,"[{'source': 'TWSE_API', 'success': False}, {'source': 'Alternative_API', 'success': True, 'data': '\n\n\n\n\n\n\n\n\n\n\n\n\n\n\n\n\n\n\n\n\n{""msgArray"":[{""tv"":""-"",""s"":""-"",""c"":"""",""z"":""-""}],""referer"":"""",""userDelay"":5000,""'}]",184.8,,16.65,14.77,22.27,1.16,12.51,477452995.0,3.71,Real + Estimated
1593.TW,1593,祺驊,Industrials,Others,上市,2025-05-28T00:03:29.223723,"[{'source': 'TWSE_API', 'success': False}, {'source': 'Alternative_API', 'success': True, 'data': '\n\n\n\n\n\n\n\n\n\n\n\n\n\n\n\n\n\n\n\n\n{""msgArray"":[{""tv"":""-"",""s"":""-"",""c"":"""",""z"":""-""}],""referer"":"""",""userDelay"":5000,""'}]",107.9,,16.33,8.37,2.5,1.01,12.89,4947557557.0,3.24,Real + Estimated
1598.TW,1598,岱宇,Industrials,Others,上市,2025-05-28T00:03:35.280344,"[{'source': 'TWSE_API', 'price': 22.4, 'volume': 184961, 'success': True}]",162.4,184961.0,10.38,12.94,-3.54,-1.1,12.55,29392202.0,1.5,Real + Estimated
1603.TW,1603,華電,Technology Hardware,Others,上市,2025-05-28T00:04:41.327032,"[{'source': 'TWSE_API', 'price': 37.95, 'volume': 537879, 'success': True}]",133.5,537879.0,9.6,4.14,29.72,1.89,32.25,5666106116.0,0.06,Real + Estimated
1604.TW,1604,聲寶,Technology Hardware,Others,上市,2025-05-28T00:04:47.380578,"[{'source': 'TWSE_API', 'price': 26.7, 'volume': 308324, 'success': True}]",167.7,308324.0,16.04,4.05,32.12,1.99,41.41,2581224400.0,2.57,Real + Estimated
1605.TW,1605,華新,Technology Hardware,Others,上市,2025-05-28T00:04:53.424408,"[{'source': 'TWSE_API', 'price': 22.1, 'volume': 8827022, 'success': True}]",149.6,8827022.0,5.75,13.33,18.87,3.26,11.22,1037873811.0,3.07,Real + Estimated
1608.TW,1608,華榮,Technology Hardware,Others,上市,2025-05-28T00:04:59.471756,"[{'source': 'TWSE_API', 'price': 24.85, 'volume': 875198, 'success': True}]",66.1,875198.0,16.01,10.09,32.37,4.34,6.55,2903845494.0,4.35,Real + Estimated
1609.TW,1609,大亞,Technology Hardware,Others,上市,2025-05-28T00:05:05.532396,"[{'source': 'TWSE_API', 'price': 38.2, 'volume': 2849900, 'success': True}]",72.5,2849900.0,18.65,9.76,32.44,0.85,7.43,1526418628.0,0.15,Real + Estimated
1611.TW,1611,中電,Technology Hardware,Others,上市,2025-05-28T00:05:11.630409,"[{'source': 'TWSE_API', 'price': 14.2, 'volume': 851721, 'success': True}]",75.1,851721.0,8.58,5.63,4.03,0.4,13.34,1419776162.0,5.18,Real + Estimated
1612.TW,1612,宏泰,Technology Hardware,Others,上市,2025-05-28T00:05:17.689042,"[{'source': 'TWSE_API', 'price': 33.6, 'volume': 376780, 'success': True}]",33.0,376780.0,6.9,2.08,18.75,1.45,15.87,842187275.0,5.91,Real + Estimated
1614.TW,1614,三洋電,Technology Hardware,Others,上市,2025-05-28T00:05:23.737474,"[{'source': 'TWSE_API', 'price': 39.9, 'volume': 74168, 'success': True}]",40.7,74168.0,14.89,7.38,2.3,2.13,5.51,1625769995.0,1.5,Real + Estimated
1615.TW,1615,大山,Technology Hardware,Others,上市,2025-05-28T00:05:29.795697,"[{'source': 'TWSE_API', 'price': 52.3, 'volume': 78524, 'success': True}]",109.9,78524.0,8.74,12.43,-4.13,-1.3,8.84,624262077.0,0.88,Real + Estimated
1616.TW,1616,億泰,Technology Hardware,Others,上市,2025-05-28T00:05:35.850607,"[{'source': 'TWSE_API', 'price': 26.5, 'volume': 2575378, 'success': True}]",59.2,2575378.0,11.9,11.59,-2.16,-1.99,5.11,644480185.0,5.62,Real + Estimated
1617.TW,1617,榮星,Technology Hardware,Others,上市,2025-05-28T00:06:41.902973,"[{'source': 'TWSE_API', 'price': 16.65, 'volume': 124411, 'success': True}]",91.6,124411.0,13.64,13.44,16.44,0.89,6.82,3496340872.0,5.74,Real + Estimated
1701.TW,1701,中化,Healthcare,Others,上市,2025-05-28T00:06:47.957834,"[{'source': 'TWSE_API', 'success': False}, {'source': 'Alternative_API', 'success': True, 'data': '\n\n\n\n\n\n\n\n\n\n\n\n\n\n\n\n\n\n\n\n\n{""msgArray"":[{""tv"":""-"",""s"":""-"",""c"":"""",""z"":""-""}],""referer"":"""",""userDelay"":5000,""'}]",54.1,,11.73,14.41,10.09,2.36,3.75,2245733859.0,1.28,Real + Estimated
1702.TW,1702,南僑,Healthcare,Others,上市,2025-05-28T00:06:54.307615,"[{'source': 'TWSE_API', 'price': 46.75, 'volume': 636620, 'success': True}]",225.1,636620.0,19.97,5.89,30.01,3.97,38.22,7321408376.0,4.0,Real + Estimated
1707.TW,1707,葡萄王,Healthcare,Others,上市,2025-05-28T00:07:00.369585,"[{'source': 'TWSE_API', 'price': 133.5, 'volume': 145553, 'success': True}]",124.9,145553.0,17.64,11.18,-3.34,1.08,11.17,991038877.0,3.64,Real + Estimated
1708.TW,1708,東鹼,Healthcare,Others,上市,2025-05-28T00:07:06.424807,"[{'source': 'TWSE_API', 'price': 36.7, 'volume': 2637725, 'success': True}]",255.4,2637725.0,10.75,21.24,7.2,0.58,12.02,3795049844.0,2.89,Real + Estimated
1709.TW,1709,和益,Healthcare,Others,上市,2025-05-28T00:07:12.476924,"[{'source': 'TWSE_API', 'price': 18.6, 'volume': 837805, 'success': True}]",80.0,837805.0,10.28,22.06,0.89,-1.6,3.63,2647398378.0,0.99,Real + Estimated
1710.TW,1710,東聯,Healthcare,Others,上市,2025-05-28T00:07:18.525892,"[{'source': 'TWSE_API', 'price': 13.6, 'volume': 1685441, 'success': True}]",286.2,1685441.0,13.77,10.27,-7.01,0.05,27.87,4314828877.0,2.34,Real + Estimated
1711.TW,1711,永光,Healthcare,Others,上市,2025-05-28T00:07:24.576757,"[{'source': 'TWSE_API', 'price': 20.4, 'volume': 5351118, 'success': True}]",122.0,5351118.0,20.46,15.37,1.02,-0.86,7.94,1971043666.0,5.32,Real + Estimated
1712.TW,1712,興農,Healthcare,Others,上市,2025-05-28T00:07:30.639531,"[{'source': 'TWSE_API', 'price': 43.0, 'volume': 344262, 'success': True}]",281.1,344262.0,19.02,10.02,33.85,2.29,28.05,4328760028.0,1.38,Real + Estimated
1713.TW,1713,國化,Healthcare,Others,上市,2025-05-28T00:07:36.709329,"[{'source': 'TWSE_API', 'price': 54.5, 'volume': 413561, 'success': True}]",175.3,413561.0,12.36,11.36,26.84,2.41,15.43,6233140423.0,5.78,Real + Estimated
